TEMPERATURA;FLUXO-SAIDA;ALTURA
0.000000;0.000000;0.000000
20.001379;10.000000;1.994637
20.003494;10.000000;1.994625
20.003494;10.000000;1.994625
20.389215;10.000000;1.955806
20.420649;10.000000;1.951069
20.428722;10.000000;1.949850
20.452421;10.000000;1.948250
21.047470;10.000000;1.894531
21.073431;10.000000;1.891987
21.082167;10.000000;1.891106
21.116425;10.000000;1.887369
21.761282;10.000000;1.827431
21.789061;10.000000;1.825837
21.798338;10.000000;1.825269
21.826414;10.000000;1.823469
22.534977;10.000000;1.763750
22.565275;10.000000;1.760500
22.575331;10.000000;1.759381
22.605566;10.000000;1.755913
23.377647;70.000000;1.653600
23.411568;70.000000;1.644525
23.422773;70.000000;1.644525
23.456734;70.000000;1.637525
24.333565;70.000000;1.466819
24.333565;70.000000;1.466819
24.333565;70.000000;1.466819
24.421059;70.000000;1.458012
24.844170;70.000000;1.518175
24.865807;70.000000;1.521300
24.882240;70.000000;1.523175
24.893764;70.000000;1.524219
25.442657;70.000000;1.471056
25.442657;70.000000;1.471056
25.442657;70.000000;1.471056
25.496902;70.000000;1.478275
25.807724;100.000000;1.500406
25.812384;100.000000;1.499987
25.826906;100.000000;1.498469
25.831930;100.000000;1.497875
26.116056;100.000000;1.487119
26.129503;100.000000;1.487556
26.129503;100.000000;1.487556
26.143805;100.000000;1.487762
26.369995;100.000000;1.494325
26.384508;100.000000;1.494869
26.384508;100.000000;1.494869
26.396009;100.000000;1.495306
26.602846;100.000000;1.500831
26.606314;100.000000;1.500556
26.621233;100.000000;1.499019
26.625450;100.000000;1.498538
26.812935;100.000000;1.491800
26.821434;100.000000;1.492244
26.821434;100.000000;1.492244
26.832079;100.000000;1.492775
26.972912;100.000000;1.501987
26.975275;100.000000;1.501906
26.975275;100.000000;1.501906
26.975275;100.000000;1.501906
27.158348;100.000000;1.485888
27.159872;100.000000;1.486000
27.159872;100.000000;1.486000
27.166393;100.000000;1.486781
27.267696;100.000000;1.495781
27.269079;100.000000;1.495881
27.269079;100.000000;1.495881
27.274372;100.000000;1.496325
27.422806;100.000000;1.484094
27.422806;100.000000;1.484094
27.427025;100.000000;1.483106
27.427025;100.000000;1.483106
27.493462;100.000000;1.489213
27.498121;100.000000;1.489769
27.498121;100.000000;1.489769
27.501892;100.000000;1.490200
27.558519;100.000000;1.499100
27.561455;100.000000;1.499881
27.561455;100.000000;1.499881
27.564661;100.000000;1.500331
27.673725;100.000000;1.482969
27.676277;100.000000;1.483400
27.676277;100.000000;1.483400
27.678255;100.000000;1.484169
27.714743;100.000000;1.492962
27.716345;100.000000;1.493519
27.718582;100.000000;1.493950
27.718582;100.000000;1.493950
27.760656;100.000000;1.500312
27.772718;100.000000;1.497756
27.775686;100.000000;1.497125
27.784698;100.000000;1.494950
27.839275;100.000000;1.487281
27.839275;100.000000;1.487281
27.841043;100.000000;1.487813
27.841043;100.000000;1.487813
27.858074;100.000000;1.497494
27.858074;100.000000;1.497494
27.858932;100.000000;1.497831
27.858932;100.000000;1.497831
27.913607;100.000000;1.485725
27.913607;100.000000;1.485725
27.913607;100.000000;1.485725
27.913607;100.000000;1.485725
27.923420;100.000000;1.492144
27.924040;100.000000;1.492463
27.924212;100.000000;1.492575
27.924212;100.000000;1.492575
27.930048;100.000000;1.502113
27.930313;100.000000;1.502156
27.930313;100.000000;1.502156
27.931923;100.000000;1.501669
28.009487;100.000000;1.472475
28.010256;100.000000;1.472800
28.010256;100.000000;1.472800
28.010256;100.000000;1.472800
28.019594;100.000000;1.479813
28.019680;100.000000;1.480250
28.019680;100.000000;1.480250
28.020372;100.000000;1.480575
28.027103;100.000000;1.487381
28.028402;100.000000;1.487587
28.028402;100.000000;1.487587
28.028425;100.000000;1.488025
28.034643;100.000000;1.494744
28.034618;100.000000;1.495181
28.034618;100.000000;1.495181
28.035835;100.000000;1.495388
28.052240;100.000000;1.498894
28.054337;100.000000;1.498412
28.060772;100.000000;1.496688
28.063183;100.000000;1.496025
28.078428;100.000000;1.492131
28.078035;100.000000;1.492675
28.078035;100.000000;1.492675
28.077068;100.000000;1.493231
28.064260;100.000000;1.502494
28.064037;100.000000;1.502500
28.064608;100.000000;1.502281
28.065138;100.000000;1.502125
28.095255;100.000000;1.486725
28.093586;100.000000;1.487388
28.093586;100.000000;1.487388
28.092987;100.000000;1.487944
28.087915;100.000000;1.495587
28.087831;100.000000;1.495694
28.087831;100.000000;1.495694
28.088686;100.000000;1.495900
28.110552;100.000000;1.496075
28.110552;100.000000;1.496075
28.118816;100.000000;1.493837
28.121693;100.000000;1.493000
28.133749;100.000000;1.489725
28.133749;100.000000;1.489725
28.133749;100.000000;1.489725
28.133749;100.000000;1.489725
28.127535;100.000000;1.496763
28.127535;100.000000;1.496763
28.127535;100.000000;1.496763
28.126017;100.000000;1.497750
28.172424;100.000000;1.486250
28.172424;100.000000;1.486250
28.172424;100.000000;1.486250
28.172424;100.000000;1.486250
28.160736;100.000000;1.491256
28.160736;100.000000;1.491256
28.160736;100.000000;1.491256
28.160736;100.000000;1.491900
28.151220;100.000000;1.498487
28.151220;100.000000;1.498487
28.149557;100.000000;1.499362
28.149557;100.000000;1.499362
28.190638;100.000000;1.485900
28.190638;100.000000;1.485900
28.190170;100.000000;1.486219
28.190170;100.000000;1.486219
28.178135;100.000000;1.492712
28.178135;100.000000;1.492712
28.176811;100.000000;1.493456
28.176811;100.000000;1.493456
28.165571;100.000000;1.500437
28.165571;100.000000;1.500437
28.164640;100.000000;1.500875
28.164640;100.000000;1.500875
28.186668;100.000000;1.483625
28.186668;100.000000;1.483625
28.184338;100.000000;1.484288
28.184338;100.000000;1.484288
28.159546;100.000000;1.493694
28.158926;100.000000;1.494012
28.158688;100.000000;1.494125
28.158688;100.000000;1.494125
28.140120;100.000000;1.500950
28.146013;100.000000;1.498619
28.146013;100.000000;1.498619
28.152975;100.000000;1.495981
28.155054;100.000000;1.488481
28.153570;100.000000;1.489031
28.153988;100.000000;1.489025
28.153988;100.000000;1.489025
28.132048;100.000000;1.498562
28.131311;100.000000;1.499006
28.131311;100.000000;1.499006
28.130074;100.000000;1.499544
28.161917;100.000000;1.481238
28.161917;100.000000;1.481238
28.161917;100.000000;1.481238
28.161917;100.000000;1.481238
28.137827;100.000000;1.490506
28.137117;100.000000;1.490937
28.137117;100.000000;1.490937
28.135153;100.000000;1.491600
28.117813;100.000000;1.500463
28.116571;100.000000;1.501019
28.116571;100.000000;1.501019
28.115948;100.000000;1.501462
28.153690;100.000000;1.480163
28.153448;100.000000;1.480487
28.153448;100.000000;1.480487
28.152393;100.000000;1.481031
28.144739;100.000000;1.487525
28.143946;100.000000;1.487962
28.143946;100.000000;1.487962
28.143772;100.000000;1.488287
28.135904;100.000000;1.495094
28.136431;100.000000;1.495300
28.136431;100.000000;1.495300
28.136431;100.000000;1.495300
28.139946;100.000000;1.498969
28.141628;100.000000;1.498969
28.141628;100.000000;1.498969
28.141628;100.000000;1.498969
28.155800;100.000000;1.492687
28.154284;100.000000;1.493244
28.154284;100.000000;1.493244
28.153393;100.000000;1.493688
28.131554;100.000000;1.502806
28.131554;100.000000;1.502619
28.131281;100.000000;1.502469
28.131281;100.000000;1.502469
28.164530;100.000000;1.484225
28.163597;100.000000;1.484225
28.163597;100.000000;1.484225
28.162418;100.000000;1.485212
28.153294;100.000000;1.491794
28.153540;100.000000;1.491994
28.153540;100.000000;1.491994
28.153540;100.000000;1.491994
28.144468;100.000000;1.499106
28.144468;100.000000;1.499106
28.144468;100.000000;1.499106
28.144150;100.000000;1.499750
28.182375;100.000000;1.486488
28.180664;100.000000;1.487044
28.179651;100.000000;1.487475
28.179651;100.000000;1.487475
28.155533;100.000000;1.496619
28.154703;100.000000;1.497050
28.153198;100.000000;1.497606
28.153198;100.000000;1.497606
28.181293;100.000000;1.488331
28.178612;100.000000;1.488569
28.178612;100.000000;1.488569
28.178612;100.000000;1.488569
28.153614;100.000000;1.498219
28.153614;100.000000;1.498219
28.152922;100.000000;1.498556
28.152922;100.000000;1.498556
28.178070;100.000000;1.484069
28.178070;100.000000;1.484069
28.178034;100.000000;1.482994
28.178034;100.000000;1.482994
28.165989;100.000000;1.488481
28.165989;100.000000;1.488481
28.165043;100.000000;1.488919
28.165043;100.000000;1.488919
28.155888;100.000000;1.495694
28.155888;100.000000;1.495694
28.154856;100.000000;1.496231
28.154856;100.000000;1.496231
28.166569;100.000000;1.496750
28.177340;100.000000;1.493775
28.186344;100.000000;1.491075
28.193239;100.000000;1.489069
28.183638;100.000000;1.490050
28.182573;100.000000;1.490487
28.182573;100.000000;1.490487
28.182131;100.000000;1.490813
28.169762;100.000000;1.497619
28.170055;100.000000;1.497825
28.170055;100.000000;1.497825
28.169090;100.000000;1.498263
28.209772;100.000000;1.485281
28.209475;100.000000;1.485256
28.209475;100.000000;1.485256
28.209475;100.000000;1.485256
28.194607;100.000000;1.491650
28.193199;100.000000;1.492194
28.193199;100.000000;1.492194
28.192066;100.000000;1.492631
28.179819;100.000000;1.499125
28.179399;100.000000;1.499450
28.179399;100.000000;1.499450
28.178131;100.000000;1.499994
28.204159;100.000000;1.483894
28.204159;100.000000;1.483894
28.198792;100.000000;1.483081
28.198792;100.000000;1.483081
28.173519;100.000000;1.491725
28.171295;100.000000;1.492388
28.171295;100.000000;1.492388
28.170280;100.000000;1.492944
28.145943;100.000000;1.502394
28.145943;100.000000;1.502394
28.145943;100.000000;1.502394
28.145943;100.000000;1.502394
28.167131;100.000000;1.486362
28.165529;100.000000;1.486919
28.165529;100.000000;1.486919
28.164623;100.000000;1.487350
28.141191;100.000000;1.496919
28.141628;100.000000;1.496912
28.141628;100.000000;1.496912
28.140217;100.000000;1.497469
28.169121;100.000000;1.483444
28.169121;100.000000;1.483444
28.168392;100.000000;1.482356
28.168392;100.000000;1.482356
28.157698;100.000000;1.486056
28.157873;100.000000;1.486262
28.157873;100.000000;1.486262
28.157873;100.000000;1.486262
28.148270;100.000000;1.493369
28.148270;100.000000;1.493369
28.148270;100.000000;1.493369
28.148270;100.000000;1.494012
28.140366;100.000000;1.500600
28.140366;100.000000;1.500600
28.138685;100.000000;1.501581
28.140207;100.000000;1.501500
28.179823;100.000000;1.488025
28.179823;100.000000;1.488025
28.179432;100.000000;1.488344
28.179432;100.000000;1.488344
28.168795;100.000000;1.494812
28.168795;100.000000;1.494812
28.167500;100.000000;1.495575
28.167500;100.000000;1.495575
28.167543;100.000000;1.499431
28.175348;100.000000;1.497306
28.177528;100.000000;1.496662
28.185305;100.000000;1.494494
28.193069;100.000000;1.489756
28.193069;100.000000;1.489756
28.193205;100.000000;1.489962
28.193205;100.000000;1.489962
28.179100;100.000000;1.497094
28.179100;100.000000;1.497425
28.178068;100.000000;1.497531
28.178068;100.000000;1.497531
28.219234;100.000000;1.486006
28.219234;100.000000;1.486006
28.217606;100.000000;1.485356
28.216604;100.000000;1.485181
28.201157;100.000000;1.491225
28.200586;100.000000;1.491550
28.200586;100.000000;1.491550
28.200586;100.000000;1.491550
28.186096;100.000000;1.498587
28.185020;100.000000;1.499025
28.185020;100.000000;1.499025
28.184565;100.000000;1.499350
28.209227;100.000000;1.483794
28.209227;100.000000;1.483794
28.209227;100.000000;1.483794
28.209227;100.000000;1.483794
28.178888;100.000000;1.491194
28.177893;100.000000;1.491625
28.177893;100.000000;1.491625
28.175636;100.000000;1.492288
28.153425;100.000000;1.501163
28.151934;100.000000;1.501719
28.150564;100.000000;1.502131
28.149649;100.000000;1.502306
28.170244;100.000000;1.485994
28.169044;100.000000;1.486537
28.169044;100.000000;1.486537
28.167427;100.000000;1.487094
28.144941;100.000000;1.496125
28.144114;100.000000;1.496569
28.144114;100.000000;1.496569
28.143217;100.000000;1.497100
28.169905;100.000000;1.487756
28.169905;100.000000;1.487756
28.171352;100.000000;1.483656
28.171352;100.000000;1.483656
28.148325;100.000000;1.488363
28.148102;100.000000;1.488475
28.148102;100.000000;1.488475
28.145802;100.000000;1.489256
28.127132;100.000000;1.498050
28.125824;100.000000;1.498606
28.125824;100.000000;1.498606
28.125134;100.000000;1.499050
28.152884;100.000000;1.482013
28.152884;100.000000;1.482013
28.151957;100.000000;1.481875
28.151957;100.000000;1.481875
28.131243;100.000000;1.490619
28.130281;100.000000;1.491181
28.130281;100.000000;1.491181
28.129694;100.000000;1.491600
28.112389;100.000000;1.500512
28.110489;100.000000;1.501281
28.110489;100.000000;1.501281
28.110025;100.000000;1.501731
28.167969;100.000000;1.471544
28.167969;100.000000;1.471544
28.167969;100.000000;1.471544
28.167316;100.000000;1.472125
28.157269;100.000000;1.478737
28.157269;100.000000;1.478737
28.155499;100.000000;1.479719
28.155499;100.000000;1.479719
28.145132;100.000000;1.486975
28.145132;100.000000;1.486975
28.144981;100.000000;1.487294
28.144981;100.000000;1.487294
28.137833;100.000000;1.493556
28.137833;100.000000;1.493556
28.137472;100.000000;1.494525
28.137472;100.000000;1.494525
28.131817;100.000000;1.501275
28.134787;100.000000;1.500587
28.135864;100.000000;1.500306
28.140121;100.000000;1.499219
28.171299;100.000000;1.488556
28.171299;100.000000;1.488556
28.171356;100.000000;1.488762
28.171356;100.000000;1.488762
28.158838;100.000000;1.496106
28.158838;100.000000;1.496106
28.157946;100.000000;1.496544
28.157946;100.000000;1.496544
28.191282;100.000000;1.490456
28.191282;100.000000;1.490456
28.191282;100.000000;1.490456
28.191282;100.000000;1.490456
28.169348;100.000000;1.494281
28.167837;100.000000;1.494819
28.168230;100.000000;1.494812
28.168230;100.000000;1.494812
28.159220;100.000000;1.497062
28.161081;100.000000;1.496356
28.161081;100.000000;1.496356
28.167906;100.000000;1.494000
28.175341;100.000000;1.485669
28.175364;100.000000;1.485875
28.175364;100.000000;1.485875
28.174355;100.000000;1.486313
28.163570;100.000000;1.492981
28.162645;100.000000;1.493419
28.162645;100.000000;1.493419
28.162989;100.000000;1.493625
28.153580;100.000000;1.500237
28.152536;100.000000;1.500781
28.152536;100.000000;1.500781
28.151691;100.000000;1.501219
28.182995;100.000000;1.489706
28.181755;100.000000;1.490237
28.181755;100.000000;1.490237
28.180052;100.000000;1.490794
28.156326;100.000000;1.499787
28.155422;100.000000;1.500231
28.155422;100.000000;1.500231
28.154428;100.000000;1.500762
28.179186;100.000000;1.482087
28.176907;100.000000;1.482738
28.176907;100.000000;1.482738
28.175571;100.000000;1.483294
28.152243;100.000000;1.492500
28.152014;100.000000;1.492612
28.152014;100.000000;1.492612
28.149754;100.000000;1.493381
28.134405;100.000000;1.500881
28.134405;100.000000;1.500881
28.140171;100.000000;1.499806
28.140171;100.000000;1.499806
28.154390;100.000000;1.493656
28.154806;100.000000;1.493650
28.154806;100.000000;1.493650
28.153299;100.000000;1.494206
28.131479;100.000000;1.502981
28.131479;100.000000;1.502981
28.133539;100.000000;1.501831
28.133539;100.000000;1.500225
28.164093;100.000000;1.484881
28.164213;100.000000;1.485088
28.164213;100.000000;1.485088
28.164213;100.000000;1.485088
28.153553;100.000000;1.492244
28.153553;100.000000;1.492244
28.153553;100.000000;1.492244
28.153109;100.000000;1.492887
28.144844;100.000000;1.499500
28.143402;100.000000;1.500131
28.142591;100.000000;1.500575
28.142591;100.000000;1.500575
28.162540;100.000000;1.484719
28.161406;100.000000;1.485263
28.159842;100.000000;1.485819
28.159842;100.000000;1.485819
28.137444;100.000000;1.495369
28.137444;100.000000;1.495369
28.136806;100.000000;1.495788
28.136806;100.000000;1.495788
28.147055;100.000000;1.492200
28.159119;100.000000;1.488125
28.159119;100.000000;1.488125
28.162928;100.000000;1.485137
28.141968;100.000000;1.487475
28.141968;100.000000;1.487475
28.139963;100.000000;1.488137
28.139963;100.000000;1.488137
28.120682;100.000000;1.497569
28.120682;100.000000;1.497887
28.120094;100.000000;1.498000
28.120094;100.000000;1.498000
28.152782;100.000000;1.488312
28.152782;100.000000;1.488312
28.149406;100.000000;1.489094
28.148838;100.000000;1.489413
28.128361;100.000000;1.498569
28.127142;100.000000;1.499106
28.127602;100.000000;1.499100
28.127602;100.000000;1.499100
28.163105;100.000000;1.479631
28.163105;100.000000;1.479631
28.162178;100.000000;1.479481
28.162123;100.000000;1.479431
28.152225;100.000000;1.486144
28.152447;100.000000;1.486350
28.152447;100.000000;1.486350
28.151600;100.000000;1.486788
28.143517;100.000000;1.493456
28.142731;100.000000;1.493894
28.142731;100.000000;1.493894
28.143211;100.000000;1.494100
28.136229;100.000000;1.500687
28.135336;100.000000;1.501231
28.135336;100.000000;1.501231
28.134611;100.000000;1.501669
28.176733;100.000000;1.487538
28.176331;100.000000;1.487862
28.176331;100.000000;1.487862
28.175081;100.000000;1.488406
28.164820;100.000000;1.494900
28.163891;100.000000;1.495337
28.163891;100.000000;1.495337
28.163580;100.000000;1.495662
28.172770;100.000000;1.496906
28.174953;100.000000;1.496263
28.174953;100.000000;1.496263
28.174953;100.000000;1.496263
28.175613;100.000000;1.493163
28.175613;100.000000;1.493275
28.175613;100.000000;1.493275
28.172878;100.000000;1.494044
28.150755;100.000000;1.501631
28.150755;100.000000;1.501631
28.153324;100.000000;1.500631
28.153324;100.000000;1.500631
28.184616;100.000000;1.482162
28.184616;100.000000;1.482162
28.184616;100.000000;1.482162
28.184616;100.000000;1.482162
28.172291;100.000000;1.489150
28.172291;100.000000;1.489150
28.172291;100.000000;1.489150
28.170063;100.000000;1.490137
28.159960;100.000000;1.496744
28.159960;100.000000;1.496744
28.159218;100.000000;1.496744
28.159218;100.000000;1.496744
28.196024;100.000000;1.487306
28.196024;100.000000;1.487306
28.196024;100.000000;1.487306
28.196024;100.000000;1.487306
28.168848;100.000000;1.494987
28.167242;100.000000;1.495544
28.166330;100.000000;1.495975
28.166330;100.000000;1.495975
28.172909;100.000000;1.492838
28.187263;100.000000;1.487713
28.190760;100.000000;1.486569
28.192583;100.000000;1.484781
28.180977;100.000000;1.483487
28.180977;100.000000;1.483487
28.179502;100.000000;1.484250
28.179502;100.000000;1.484250
28.167694;100.000000;1.491263
28.167694;100.000000;1.491263
28.166742;100.000000;1.491700
28.166742;100.000000;1.491700
28.156092;100.000000;1.498725
28.156092;100.000000;1.498725
28.156279;100.000000;1.499038
28.156279;100.000000;1.499038
28.187988;100.000000;1.487794
28.187218;100.000000;1.488112
28.186926;100.000000;1.488225
28.186926;100.000000;1.488225
28.161209;100.000000;1.497775
28.161209;100.000000;1.497775
28.159658;100.000000;1.498331
28.159040;100.000000;1.498650
28.184137;100.000000;1.483631
28.184137;100.000000;1.482981
28.183062;100.000000;1.482956
28.183062;100.000000;1.482956
28.171457;100.000000;1.488137
28.170477;100.000000;1.488575
28.170477;100.000000;1.488575
28.170118;100.000000;1.488900
28.159283;100.000000;1.495681
28.159649;100.000000;1.495888
28.159649;100.000000;1.495888
28.158754;100.000000;1.496325
28.180944;100.000000;1.493825
28.183739;100.000000;1.492988
28.193144;100.000000;1.490225
28.196478;100.000000;1.489219
28.187908;100.000000;1.489700
28.186558;100.000000;1.490244
28.186558;100.000000;1.490244
28.185722;100.000000;1.490681
28.173708;100.000000;1.497175
28.173594;100.000000;1.497500
28.173594;100.000000;1.497500
28.172375;100.000000;1.498044
28.200869;100.000000;1.487131
28.204758;100.000000;1.484056
28.204159;100.000000;1.482881
28.203215;100.000000;1.482681
28.189068;100.000000;1.484419
28.189232;100.000000;1.484625
28.189232;100.000000;1.484625
28.189232;100.000000;1.484625
28.173117;100.000000;1.492400
28.172852;100.000000;1.492512
28.172852;100.000000;1.492512
28.170338;100.000000;1.493294
28.146561;100.000000;1.502612
28.146561;100.000000;1.502612
28.145695;100.000000;1.502700
28.145695;100.000000;1.502700
28.182905;100.000000;1.481600
28.182905;100.000000;1.481600
28.182905;100.000000;1.481600
28.182905;100.000000;1.481600
28.170656;100.000000;1.488613
28.170656;100.000000;1.488613
28.170656;100.000000;1.488613
28.168453;100.000000;1.489600
28.158583;100.000000;1.496156
28.158955;100.000000;1.496362
28.158066;100.000000;1.496362
28.158066;100.000000;1.496362
28.199539;100.000000;1.487131
28.199261;100.000000;1.486881
28.199261;100.000000;1.486881
28.199261;100.000000;1.486881
28.185638;100.000000;1.490300
28.185638;100.000000;1.490300
28.183235;100.000000;1.491281
28.183235;100.000000;1.491281
28.170895;100.000000;1.498300
28.170895;100.000000;1.498300
28.170567;100.000000;1.498619
28.170567;100.000000;1.498619
28.204191;100.000000;1.486675
28.204191;100.000000;1.486675
28.201525;100.000000;1.487363
28.201525;100.000000;1.487363
28.173296;100.000000;1.497031
28.173296;100.000000;1.497031
28.172501;100.000000;1.497369
28.172501;100.000000;1.497369
28.217075;100.000000;1.483031
28.217075;100.000000;1.483031
28.217075;100.000000;1.483031
28.217075;100.000000;1.483031
28.184290;100.000000;1.490719
28.184290;100.000000;1.491037
28.183254;100.000000;1.491150
28.183254;100.000000;1.491150
28.158108;100.000000;1.500687
28.158108;100.000000;1.500687
28.156584;100.000000;1.501244
28.156584;100.000000;1.501244
28.177206;100.000000;1.485281
28.175562;100.000000;1.485831
28.175943;100.000000;1.485825
28.175943;100.000000;1.485825
28.151106;100.000000;1.495388
28.150234;100.000000;1.495831
28.150234;100.000000;1.495831
28.148859;100.000000;1.496369
28.153984;100.000000;1.494181
28.156689;100.000000;1.493294
28.165176;100.000000;1.490356
28.168201;100.000000;1.489287
28.162069;100.000000;1.486456
28.161150;100.000000;1.486894
28.161150;100.000000;1.486894
28.161507;100.000000;1.487100
28.152363;100.000000;1.493688
28.151327;100.000000;1.494231
28.151327;100.000000;1.494231
28.150486;100.000000;1.494669
28.135515;100.000000;1.500744
28.136457;100.000000;1.500344
28.141569;100.000000;1.498306
28.143398;100.000000;1.497700
28.155844;100.000000;1.485512
28.154932;100.000000;1.485956
28.154932;100.000000;1.485956
28.153866;100.000000;1.486500
28.133909;100.000000;1.495363
28.131973;100.000000;1.496025
28.131973;100.000000;1.496025
28.131042;100.000000;1.496581
28.158077;100.000000;1.491706
28.162043;100.000000;1.488419
28.159861;100.000000;1.488287
28.159861;100.000000;1.488287
28.139366;100.000000;1.496425
28.137970;100.000000;1.496981
28.137970;100.000000;1.496981
28.137262;100.000000;1.497412
28.171125;100.000000;1.482606
28.170242;100.000000;1.482406
28.170143;100.000000;1.481456
28.170143;100.000000;1.481456
28.160194;100.000000;1.484375
28.160194;100.000000;1.484375
28.160194;100.000000;1.484375
28.158150;100.000000;1.485363
28.149197;100.000000;1.491863
28.149633;100.000000;1.492175
28.149633;100.000000;1.492175
28.149633;100.000000;1.492175
28.140064;100.000000;1.499769
28.140064;100.000000;1.499769
28.140064;100.000000;1.499769
28.140064;100.000000;1.499769
28.183327;100.000000;1.485975
28.183327;100.000000;1.485975
28.180952;100.000000;1.486956
28.180952;100.000000;1.486956
28.168730;100.000000;1.494000
28.168730;100.000000;1.494000
28.168417;100.000000;1.494319
28.168417;100.000000;1.494319
28.158968;100.000000;1.500813
28.158152;100.000000;1.501431
28.158798;100.000000;1.501350
28.161867;100.000000;1.500563
28.181883;100.000000;1.491481
28.181883;100.000000;1.491481
28.181038;100.000000;1.491819
28.181038;100.000000;1.491819
28.156828;100.000000;1.501225
28.156828;100.000000;1.501225
28.154736;100.000000;1.501887
28.153236;100.000000;1.502256
28.188295;100.000000;1.480769
28.187445;100.000000;1.481100
28.187187;100.000000;1.481206
28.187187;100.000000;1.481206
28.175030;100.000000;1.488025
28.175030;100.000000;1.488025
28.173790;100.000000;1.488569
28.173790;100.000000;1.488569
28.163012;100.000000;1.495450
28.162708;100.000000;1.495775
28.162708;100.000000;1.495775
28.162708;100.000000;1.495775
28.181671;100.000000;1.494156
28.184393;100.000000;1.493338
28.184393;100.000000;1.493338
28.193588;100.000000;1.490638
28.174534;100.000000;1.493325
28.172272;100.000000;1.493994
28.172272;100.000000;1.493994
28.171217;100.000000;1.494444
28.152506;100.000000;1.500706
28.153488;100.000000;1.500281
28.157461;100.000000;1.498756
28.159201;100.000000;1.498169
28.184668;100.000000;1.482262
28.183340;100.000000;1.482806
28.183340;100.000000;1.482806
28.182268;100.000000;1.483244
28.171221;100.000000;1.489712
28.170858;100.000000;1.490037
28.170858;100.000000;1.490037
28.169657;100.000000;1.490581
28.148985;100.000000;1.499200
28.148130;100.000000;1.499644
28.148130;100.000000;1.499644
28.147202;100.000000;1.500175
28.180212;100.000000;1.479669
28.180157;100.000000;1.479594
28.180157;100.000000;1.479594
28.180157;100.000000;1.479594
28.167109;100.000000;1.486912
28.166887;100.000000;1.487019
28.166887;100.000000;1.487019
28.166887;100.000000;1.487019
28.157265;100.000000;1.493837
28.156185;100.000000;1.494381
28.156185;100.000000;1.494381
28.156185;100.000000;1.494381
28.147701;100.000000;1.501400
28.147701;100.000000;1.501400
28.150841;100.000000;1.500612
28.150841;100.000000;1.500612
28.172586;100.000000;1.491381
28.171265;100.000000;1.491944
28.171265;100.000000;1.491944
28.170321;100.000000;1.492375
28.148184;100.000000;1.501300
28.144699;100.000000;1.502331
28.144699;100.000000;1.502331
28.144699;100.000000;1.502331
28.180761;100.000000;1.481006
28.179745;100.000000;1.481437
28.179745;100.000000;1.481437
28.177219;100.000000;1.482206
28.154881;100.000000;1.490975
28.153370;100.000000;1.491531
28.152552;100.000000;1.491963
28.152552;100.000000;1.491963
28.131800;100.000000;1.501094
28.131203;100.000000;1.501513
28.129869;100.000000;1.502069
28.127399;100.000000;1.502681
28.154285;100.000000;1.484319
28.154285;100.000000;1.484319
28.153294;100.000000;1.484738
28.153294;100.000000;1.484738
28.131094;100.000000;1.494406
28.131094;100.000000;1.494406
28.130518;100.000000;1.494744
28.130518;100.000000;1.494744
28.147690;100.000000;1.493850
28.157028;100.000000;1.491163
28.160555;100.000000;1.490188
28.169199;100.000000;1.490188
28.159468;100.000000;1.489469
28.158775;100.000000;1.489800
28.158567;100.000000;1.489906
28.158567;100.000000;1.489906
28.150232;100.000000;1.496675
28.150232;100.000000;1.496675
28.149218;100.000000;1.497219
28.149218;100.000000;1.497219
28.192354;100.000000;1.486831
28.192354;100.000000;1.486831
28.191223;100.000000;1.486056
28.191223;100.000000;1.486056
28.178635;100.000000;1.490888
28.177607;100.000000;1.491325
28.177607;100.000000;1.491325
28.177200;100.000000;1.491650
28.165283;100.000000;1.498481
28.165607;100.000000;1.498688
28.165607;100.000000;1.498688
28.164675;100.000000;1.499125
28.204039;100.000000;1.485419
28.203110;100.000000;1.485794
28.203110;100.000000;1.485794
28.202892;100.000000;1.486000
28.188906;100.000000;1.492587
28.187548;100.000000;1.493131
28.187548;100.000000;1.493131
28.186455;100.000000;1.493569
28.174995;100.000000;1.500038
28.174608;100.000000;1.500363
28.174608;100.000000;1.500363
28.173382;100.000000;1.500906
28.212011;100.000000;1.486788
28.210745;100.000000;1.487225
28.210745;100.000000;1.487225
28.210108;100.000000;1.487550
28.194399;100.000000;1.494356
28.194527;100.000000;1.494563
28.194527;100.000000;1.494563
28.194527;100.000000;1.494563
28.179235;100.000000;1.502169
28.178335;100.000000;1.502169
28.178335;100.000000;1.502169
28.178335;100.000000;1.502169
28.196358;100.000000;1.485237
28.194544;100.000000;1.485794
28.194544;100.000000;1.485794
28.193436;100.000000;1.486225
28.166405;100.000000;1.495794
28.166800;100.000000;1.495788
28.166800;100.000000;1.495788
28.165209;100.000000;1.496344
28.172232;100.000000;1.492694
28.172232;100.000000;1.492694
28.183569;100.000000;1.487025
28.183569;100.000000;1.487025
28.160351;100.000000;1.490037
28.157770;100.000000;1.490806
28.157770;100.000000;1.490806
28.156815;100.000000;1.491256
28.136400;100.000000;1.500144
28.135706;100.000000;1.500575
28.135706;100.000000;1.500575
28.133533;100.000000;1.501356
28.162495;100.000000;1.482644
28.162495;100.000000;1.482644
28.161539;100.000000;1.483088
28.161539;100.000000;1.483088
28.139591;100.000000;1.492219
28.138870;100.000000;1.492650
28.137474;100.000000;1.493206
28.137474;100.000000;1.493206
28.116247;100.000000;1.502444
28.116562;100.000000;1.502025
28.116924;100.000000;1.501812
28.119719;100.000000;1.500525
28.142794;100.000000;1.485294
28.142794;100.000000;1.485294
28.142153;100.000000;1.485631
28.142153;100.000000;1.485631
28.122599;100.000000;1.495062
28.122599;100.000000;1.495062
28.120708;100.000000;1.495731
28.120708;100.000000;1.495731
28.126183;100.000000;1.495000
28.133547;100.000000;1.491413
28.136271;100.000000;1.491413
28.145466;100.000000;1.488275
28.134449;100.000000;1.485650
28.134449;100.000000;1.485650
28.133078;100.000000;1.486206
28.133078;100.000000;1.486206
28.114214;100.000000;1.495644
28.113026;100.000000;1.496194
28.113510;100.000000;1.496187
28.113510;100.000000;1.496187
28.136280;100.000000;1.488881
28.136280;100.000000;1.488881
28.136280;100.000000;1.488881
28.140034;100.000000;1.485937
28.121830;100.000000;1.488275
28.119938;100.000000;1.488944
28.119938;100.000000;1.488944
28.119247;100.000000;1.489394
28.103207;100.000000;1.498369
28.102743;100.000000;1.498800
28.102743;100.000000;1.498800
28.101032;100.000000;1.499462
28.129322;100.000000;1.483613
28.129322;100.000000;1.483613
28.129322;100.000000;1.483613
28.129322;100.000000;1.483613
28.110182;100.000000;1.492881
28.109579;100.000000;1.493412
28.109579;100.000000;1.493412
28.108391;100.000000;1.493969
28.091497;100.000000;1.502294
28.091900;100.000000;1.502075
28.094131;100.000000;1.501175
28.095070;100.000000;1.500787
28.120132;100.000000;1.485538
28.118282;100.000000;1.486200
28.118454;100.000000;1.486200
28.117466;100.000000;1.486756
28.101313;100.000000;1.495963
28.101173;100.000000;1.496075
28.101173;100.000000;1.496075
28.099369;100.000000;1.496844
28.124897;100.000000;1.489481
28.124897;100.000000;1.489481
28.128799;100.000000;1.487069
28.128799;100.000000;1.487069
28.109585;100.000000;1.490669
28.110077;100.000000;1.490662
28.110077;100.000000;1.490662
28.108881;100.000000;1.491219
28.093540;100.000000;1.500213
28.092947;100.000000;1.500769
28.092947;100.000000;1.500769
28.092554;100.000000;1.501200
28.123171;100.000000;1.482787
28.120975;100.000000;1.483556
28.120975;100.000000;1.483556
28.120275;100.000000;1.484006
28.104013;100.000000;1.492906
28.103474;100.000000;1.493350
28.103474;100.000000;1.493350
28.101646;100.000000;1.494119
28.086760;100.000000;1.502344
28.089153;100.000000;1.501338
28.090034;100.000000;1.500975
28.093691;100.000000;1.499637
28.123943;100.000000;1.485100
28.123943;100.000000;1.485100
28.123941;100.000000;1.485419
28.123941;100.000000;1.485419
28.119890;100.000000;1.491863
28.119890;100.000000;1.491863
28.119270;100.000000;1.492625
28.119270;100.000000;1.492625
28.114895;100.000000;1.499656
28.114895;100.000000;1.499656
28.114416;100.000000;1.500075
28.114416;100.000000;1.500075
28.158577;100.000000;1.486619
28.158577;100.000000;1.486619
28.158951;100.000000;1.486825
28.158951;100.000000;1.486825
28.148956;100.000000;1.493981
28.148321;100.000000;1.494313
28.148132;100.000000;1.494419
28.148132;100.000000;1.494419
28.141230;100.000000;1.501450
28.141829;100.000000;1.501244
28.141829;100.000000;1.501244
28.145977;100.000000;1.500319
28.180473;100.000000;1.488175
28.180046;100.000000;1.488500
28.180046;100.000000;1.488500
28.180046;100.000000;1.488500
28.168112;100.000000;1.495531
28.167261;100.000000;1.495950
28.167261;100.000000;1.495950
28.166927;100.000000;1.496275
28.185400;100.000000;1.494125
28.188187;100.000000;1.493294
28.197355;100.000000;1.490538
28.197355;100.000000;1.490538
28.185005;100.000000;1.492006
28.183928;100.000000;1.492444
28.183928;100.000000;1.492444
28.184126;100.000000;1.492650
28.172487;100.000000;1.499219
28.171314;100.000000;1.499756
28.171314;100.000000;1.499756
28.170338;100.000000;1.500194
28.209642;100.000000;1.486225
28.209011;100.000000;1.486550
28.209011;100.000000;1.486550
28.207474;100.000000;1.487094
28.193428;100.000000;1.493587
28.192297;100.000000;1.494025
28.192297;100.000000;1.494025
28.191790;100.000000;1.494350
28.178177;100.000000;1.501181
28.178411;100.000000;1.501387
28.178411;100.000000;1.501387
28.178411;100.000000;1.501387
28.201580;100.000000;1.491050
28.201265;100.000000;1.491163
28.201265;100.000000;1.491163
28.198565;100.000000;1.491931
28.173733;100.000000;1.500725
28.172098;100.000000;1.501281
28.172098;100.000000;1.501281
28.171087;100.000000;1.501725
28.190540;100.000000;1.483694
28.190897;100.000000;1.483688
28.190897;100.000000;1.483688
28.189123;100.000000;1.484244
28.164358;100.000000;1.493212
28.163143;100.000000;1.493769
28.163143;100.000000;1.493769
28.162325;100.000000;1.494187
28.151499;100.000000;1.501025
28.151497;100.000000;1.501475
28.151497;100.000000;1.501475
28.151497;100.000000;1.501475
28.178993;100.000000;1.490669
28.177929;100.000000;1.491112
28.177929;100.000000;1.491112
28.175436;100.000000;1.491881
28.151955;100.000000;1.501206
28.151955;100.000000;1.501206
28.151152;100.000000;1.501637
28.148748;100.000000;1.502269
28.175444;100.000000;1.483219
28.174534;100.000000;1.483637
28.172945;100.000000;1.484181
28.172945;100.000000;1.484181
28.148935;100.000000;1.493719
28.148935;100.000000;1.493719
28.148216;100.000000;1.494138
28.148216;100.000000;1.494138
28.128071;100.000000;1.502225
28.130522;100.000000;1.501037
28.131472;100.000000;1.500631
28.135557;100.000000;1.499175
28.164812;100.000000;1.482606
28.164812;100.000000;1.482606
28.165144;100.000000;1.482813
28.165144;100.000000;1.482813
28.154352;100.000000;1.489969
28.154352;100.000000;1.490300
28.153488;100.000000;1.490406
28.153488;100.000000;1.490406
28.145655;100.000000;1.497200
28.144859;100.000000;1.497200
28.144678;100.000000;1.497744
28.144678;100.000000;1.497744
28.187666;100.000000;1.485319
28.187479;100.000000;1.485044
28.186565;100.000000;1.485144
28.186565;100.000000;1.485144
28.174555;100.000000;1.491575
28.173555;100.000000;1.492013
28.173555;100.000000;1.492013
28.173178;100.000000;1.492337
28.161739;100.000000;1.499169
28.162088;100.000000;1.499375
28.162088;100.000000;1.499375
28.161180;100.000000;1.499812
28.193266;100.000000;1.488031
28.192167;100.000000;1.488462
28.192167;100.000000;1.488462
28.189804;100.000000;1.489125
28.165924;100.000000;1.497988
28.164341;100.000000;1.498544
28.164341;100.000000;1.498544
28.163452;100.000000;1.498975
28.182709;100.000000;1.483812
28.182709;100.000000;1.483812
28.182709;100.000000;1.483812
28.182709;100.000000;1.483812
28.157404;100.000000;1.492644
28.156452;100.000000;1.493094
28.156452;100.000000;1.493094
28.155447;100.000000;1.493625
28.132160;100.000000;1.502944
28.131821;100.000000;1.502950
28.131821;100.000000;1.502950
28.131821;100.000000;1.502950
28.164597;100.000000;1.484750
28.164597;100.000000;1.484856
28.164597;100.000000;1.484856
28.164713;100.000000;1.485062
28.155155;100.000000;1.491656
28.154125;100.000000;1.492194
28.153463;100.000000;1.492525
28.153463;100.000000;1.492525
28.145342;100.000000;1.499450
28.145342;100.000000;1.499450
28.145342;100.000000;1.499450
28.145342;100.000000;1.499450
28.186922;100.000000;1.486025
28.186922;100.000000;1.486025
28.186922;100.000000;1.486025
28.184460;100.000000;1.487013
28.172447;100.000000;1.493619
28.172724;100.000000;1.493825
28.172724;100.000000;1.493825
28.172724;100.000000;1.493825
28.147118;100.000000;1.502856
28.148849;100.000000;1.501906
28.148849;100.000000;1.501906
28.152523;100.000000;1.500269
28.170427;100.000000;1.486344
28.168800;100.000000;1.486344
28.167803;100.000000;1.486788
28.167803;100.000000;1.486788
28.145350;100.000000;1.495881
28.144588;100.000000;1.496312
28.143156;100.000000;1.496869
28.143156;100.000000;1.496869
28.166405;100.000000;1.488650
28.170153;100.000000;1.485662
28.170153;100.000000;1.485662
28.170153;100.000000;1.485662
28.146294;100.000000;1.488731
28.146294;100.000000;1.488731
28.145636;100.000000;1.489069
28.145636;100.000000;1.489069
28.125816;100.000000;1.498475
28.125816;100.000000;1.498475
28.123941;100.000000;1.499138
28.123941;100.000000;1.499138
28.171225;100.000000;1.476425
28.171225;100.000000;1.476425
28.169025;100.000000;1.474450
28.169025;100.000000;1.474450
28.145390;100.000000;1.482262
28.144085;100.000000;1.482719
28.143938;100.000000;1.482819
28.143938;100.000000;1.482819
28.123808;100.000000;1.492231
28.122549;100.000000;1.492781
28.123018;100.000000;1.492775
28.123018;100.000000;1.492775
28.102871;100.000000;1.502581
28.102715;100.000000;1.502537
28.102715;100.000000;1.502537
28.103661;100.000000;1.501950
28.133305;100.000000;1.484575
28.131130;100.000000;1.485356
28.131130;100.000000;1.485356
28.130358;100.000000;1.485806
28.112953;100.000000;1.494781
28.112579;100.000000;1.495213
28.112579;100.000000;1.495213
28.110638;100.000000;1.495875
28.139481;100.000000;1.491625
28.139481;100.000000;1.491625
28.139481;100.000000;1.491625
28.139481;100.000000;1.491625
28.124039;100.000000;1.495781
28.123316;100.000000;1.496312
28.123316;100.000000;1.496312
28.122032;100.000000;1.496869
28.142962;100.000000;1.490294
28.146017;100.000000;1.489225
28.150419;100.000000;1.486581
28.149576;100.000000;1.486331
28.141602;100.000000;1.486856
28.142092;100.000000;1.487062
28.142092;100.000000;1.487062
28.142092;100.000000;1.487062
28.133638;100.000000;1.494550
28.133476;100.000000;1.494656
28.133476;100.000000;1.494656
28.134018;100.000000;1.494863
28.128691;100.000000;1.501556
28.128691;100.000000;1.501556
28.131340;100.000000;1.500919
28.131340;100.000000;1.500919
28.167749;100.000000;1.488788
28.167749;100.000000;1.488788
28.167749;100.000000;1.488788
28.167749;100.000000;1.488788
28.157310;100.000000;1.495825
28.157310;100.000000;1.495825
28.157310;100.000000;1.495825
28.155325;100.000000;1.496812
28.181383;100.000000;1.492887
28.181383;100.000000;1.492887
28.181383;100.000000;1.492887
28.181383;100.000000;1.492887
28.184887;100.000000;1.490156
28.184887;100.000000;1.490156
28.184887;100.000000;1.490156
28.184010;100.000000;1.490800
28.172508;100.000000;1.497394
28.172508;100.000000;1.497394
28.170317;100.000000;1.498263
28.170317;100.000000;1.498263
28.198584;100.000000;1.486319
28.198584;100.000000;1.486319
28.198584;100.000000;1.486319
28.198584;100.000000;1.486319
28.169926;100.000000;1.490194
28.169926;100.000000;1.490194
28.169060;100.000000;1.490613
28.169060;100.000000;1.490613
28.144836;100.000000;1.500306
28.144836;100.000000;1.500306
28.144192;100.000000;1.500644
28.144192;100.000000;1.500644
28.165047;100.000000;1.484887
28.165047;100.000000;1.484887
28.162872;100.000000;1.485550
28.162872;100.000000;1.485550
28.140741;100.000000;1.494969
28.140741;100.000000;1.494969
28.140221;100.000000;1.495288
28.140221;100.000000;1.495288
28.141186;100.000000;1.495312
28.153902;100.000000;1.490856
28.153902;100.000000;1.490856
28.163452;100.000000;1.487681
28.145664;100.000000;1.486881
28.144314;100.000000;1.487419
28.144749;100.000000;1.487412
28.144749;100.000000;1.487412
28.123808;100.000000;1.496975
28.123127;100.000000;1.497419
28.123127;100.000000;1.497419
28.121944;100.000000;1.497956
28.152946;100.000000;1.483700
28.152946;100.000000;1.483700
28.152946;100.000000;1.483700
28.152946;100.000000;1.483700
28.130226;100.000000;1.489331
28.129568;100.000000;1.489763
28.129568;100.000000;1.489763
28.127657;100.000000;1.490425
28.110943;100.000000;1.499338
28.109749;100.000000;1.499894
28.109749;100.000000;1.499894
28.109240;100.000000;1.500325
28.148134;100.000000;1.479656
28.147291;100.000000;1.479831
28.147291;100.000000;1.479831
28.147125;100.000000;1.480106
28.140339;100.000000;1.486550
28.139576;100.000000;1.486987
28.139576;100.000000;1.486987
28.139433;100.000000;1.487313
28.132208;100.000000;1.494094
28.132759;100.000000;1.494300
28.132759;100.000000;1.494300
28.132759;100.000000;1.494300
28.125542;100.000000;1.501788
28.125395;100.000000;1.501894
28.125395;100.000000;1.501894
28.125395;100.000000;1.501894
28.168566;100.000000;1.488100
28.167383;100.000000;1.488644
28.167383;100.000000;1.488644
28.167383;100.000000;1.488644
28.156876;100.000000;1.495900
28.156876;100.000000;1.495900
28.156876;100.000000;1.495900
28.156876;100.000000;1.495900
28.168852;100.000000;1.496494
28.168852;100.000000;1.496494
28.188395;100.000000;1.490788
28.193911;100.000000;1.489050
28.169830;100.000000;1.493500
28.167414;100.000000;1.494269
28.167414;100.000000;1.494269
28.166393;100.000000;1.494719
28.148123;100.000000;1.500844
28.153105;100.000000;1.498894
28.153105;100.000000;1.498894
28.160023;100.000000;1.496256
28.180288;100.000000;1.482325
28.180288;100.000000;1.482325
28.178200;100.000000;1.483306
28.178200;100.000000;1.483306
28.166079;100.000000;1.490350
28.166079;100.000000;1.490350
28.165785;100.000000;1.490669
28.165785;100.000000;1.490669
28.156620;100.000000;1.497162
28.156620;100.000000;1.497162
28.155495;100.000000;1.497925
28.155495;100.000000;1.497925
28.178467;100.000000;1.487075
28.178467;100.000000;1.487075
28.177395;100.000000;1.485088
28.177395;100.000000;1.484700
28.165279;100.000000;1.490706
28.165279;100.000000;1.490706
28.165606;100.000000;1.490913
28.165606;100.000000;1.490913
28.154812;100.000000;1.498069
28.154148;100.000000;1.498400
28.153950;100.000000;1.498506
28.153950;100.000000;1.498506
28.195950;100.000000;1.485356
28.195950;100.000000;1.485356
28.193354;100.000000;1.485656
28.192480;100.000000;1.485925
28.179899;100.000000;1.492525
28.179476;100.000000;1.492850
28.179476;100.000000;1.492850
28.179476;100.000000;1.492850
28.167736;100.000000;1.499863
28.166788;100.000000;1.500300
28.166788;100.000000;1.500300
28.166458;100.000000;1.500625
28.204498;100.000000;1.486806
28.204557;100.000000;1.487013
28.204557;100.000000;1.487013
28.203342;100.000000;1.487450
28.189018;100.000000;1.494144
28.188173;100.000000;1.494475
28.188173;100.000000;1.494475
28.188086;100.000000;1.494787
28.175772;100.000000;1.501400
28.174536;100.000000;1.501944
28.173624;100.000000;1.502244
28.173624;100.000000;1.502244
28.193281;100.000000;1.484919
28.191946;100.000000;1.485450
28.191946;100.000000;1.485450
28.190166;100.000000;1.486006
28.165176;100.000000;1.495000
28.164206;100.000000;1.495444
28.164206;100.000000;1.495444
28.163134;100.000000;1.495975
28.166796;100.000000;1.493769
28.169266;100.000000;1.492875
28.169266;100.000000;1.492875
28.169266;100.000000;1.492875
28.157711;100.000000;1.490075
28.157473;100.000000;1.490188
28.157473;100.000000;1.490188
28.155090;100.000000;1.490969
28.134239;100.000000;1.499738
28.134109;100.000000;1.500294
28.134109;100.000000;1.500294
28.133430;100.000000;1.500725
28.160921;100.000000;1.482206
28.161327;100.000000;1.482200
28.161327;100.000000;1.482200
28.159761;100.000000;1.482756
28.138317;100.000000;1.491750
28.137329;100.000000;1.492306
28.137329;100.000000;1.492306
28.136692;100.000000;1.492725
28.118574;100.000000;1.501637
28.114290;100.000000;1.502531
28.114290;100.000000;1.502531
28.114290;100.000000;1.502531
28.143970;100.000000;1.484194
28.143215;100.000000;1.484625
28.143215;100.000000;1.484625
28.141020;100.000000;1.485394
28.123064;100.000000;1.494150
28.121780;100.000000;1.494706
28.121117;100.000000;1.495150
28.121117;100.000000;1.495150
28.114248;100.000000;1.499187
28.123392;100.000000;1.495881
28.125795;100.000000;1.495100
28.133595;100.000000;1.492488
28.146812;100.000000;1.482838
28.146812;100.000000;1.482838
28.145813;100.000000;1.483600
28.145813;100.000000;1.483600
28.138073;100.000000;1.490638
28.138073;100.000000;1.490638
28.137327;100.000000;1.491075
28.137327;100.000000;1.491075
28.130415;100.000000;1.498075
28.130367;100.000000;1.498394
28.130821;100.000000;1.498387
28.130821;100.000000;1.498387
28.163044;100.000000;1.486106
28.163044;100.000000;1.486106
28.160988;100.000000;1.483569
28.160988;100.000000;1.483569
28.138561;100.000000;1.490388
28.138561;100.000000;1.490388
28.137165;100.000000;1.490944
28.136593;100.000000;1.491275
28.117666;100.000000;1.500419
28.116526;100.000000;1.500956
28.117002;100.000000;1.500950
28.115864;100.000000;1.501406
28.140047;100.000000;1.485363
28.139246;100.000000;1.485806
28.139246;100.000000;1.485806
28.137941;100.000000;1.486344
28.120359;100.000000;1.495213
28.118349;100.000000;1.495875
28.118349;100.000000;1.495875
28.117706;100.000000;1.496319
28.145784;100.000000;1.487481
28.145784;100.000000;1.487481
28.145784;100.000000;1.487481
28.145784;100.000000;1.487481
28.129257;100.000000;1.487225
28.127924;100.000000;1.487781
28.127924;100.000000;1.487781
28.127283;100.000000;1.488212
28.109650;100.000000;1.497231
28.109053;100.000000;1.497762
28.109053;100.000000;1.497762
28.107872;100.000000;1.498319
28.143795;100.000000;1.482506
28.144016;100.000000;1.481456
28.144054;100.000000;1.480731
28.143219;100.000000;1.480681
28.135981;100.000000;1.485306
28.136511;100.000000;1.485512
28.136511;100.000000;1.485512
28.136511;100.000000;1.485512
28.128769;100.000000;1.493000
28.128614;100.000000;1.493106
28.128614;100.000000;1.493106
28.129190;100.000000;1.493312
28.123068;100.000000;1.500363
28.122925;100.000000;1.500469
28.122925;100.000000;1.500469
28.122925;100.000000;1.500469
28.154222;100.000000;1.489969
28.154638;100.000000;1.489962
28.154638;100.000000;1.489962
28.153128;100.000000;1.490519
28.132633;100.000000;1.499500
28.131701;100.000000;1.500056
28.131701;100.000000;1.500056
28.131037;100.000000;1.500487
28.157238;100.000000;1.483675
28.152901;100.000000;1.484731
28.152901;100.000000;1.484731
28.152206;100.000000;1.485069
28.131979;100.000000;1.494081
28.131311;100.000000;1.494513
28.131311;100.000000;1.494513
28.129238;100.000000;1.495281
28.122311;100.000000;1.498681
28.130331;100.000000;1.495988
28.132507;100.000000;1.495200
28.140060;100.000000;1.492587
28.139732;100.000000;1.486169
28.139006;100.000000;1.486600
28.137604;100.000000;1.487156
28.137604;100.000000;1.487156
28.118017;100.000000;1.496706
28.118017;100.000000;1.496706
28.117516;100.000000;1.497125
28.117516;100.000000;1.497125
28.146608;100.000000;1.487769
28.146608;100.000000;1.487769
28.146608;100.000000;1.487769
28.146902;100.000000;1.482750
28.128004;100.000000;1.488500
28.128004;100.000000;1.488500
28.126102;100.000000;1.489162
28.126102;100.000000;1.489162
28.108633;100.000000;1.498581
28.108633;100.000000;1.498581
28.108130;100.000000;1.499012
28.108130;100.000000;1.499012
28.139296;100.000000;1.481938
28.139296;100.000000;1.481938
28.139296;100.000000;1.481938
28.139296;100.000000;1.481938
28.116611;100.000000;1.491031
28.115471;100.000000;1.491569
28.115952;100.000000;1.491562
28.115952;100.000000;1.491562
28.098759;100.000000;1.501100
28.098255;100.000000;1.501544
28.098255;100.000000;1.501544
28.098267;100.000000;1.501775
28.129448;100.000000;1.491950
28.127573;100.000000;1.492606
28.127573;100.000000;1.492606
28.126829;100.000000;1.493056
28.108654;100.000000;1.502469
28.107815;100.000000;1.502644
28.106329;100.000000;1.502919
28.106033;100.000000;1.502925
28.143438;100.000000;1.483788
28.142473;100.000000;1.484331
28.142473;100.000000;1.484331
28.141691;100.000000;1.484769
28.135263;100.000000;1.491263
28.135254;100.000000;1.491569
28.135254;100.000000;1.491569
28.134399;100.000000;1.492106
28.129011;100.000000;1.498575
28.128334;100.000000;1.499012
28.128334;100.000000;1.499012
28.128269;100.000000;1.499338
28.170639;100.000000;1.485706
28.170931;100.000000;1.485912
28.170931;100.000000;1.485912
28.170931;100.000000;1.485912
28.158884;100.000000;1.493375
28.158678;100.000000;1.493481
28.158678;100.000000;1.493481
28.159048;100.000000;1.493688
28.150097;100.000000;1.500300
28.149084;100.000000;1.500844
28.149084;100.000000;1.500844
28.149084;100.000000;1.500844
28.178394;100.000000;1.490019
28.178770;100.000000;1.490013
28.178770;100.000000;1.490013
28.177090;100.000000;1.490569
28.153740;100.000000;1.499556
28.152590;100.000000;1.500119
28.152590;100.000000;1.500119
28.151781;100.000000;1.500550
28.192537;100.000000;1.485981
28.192678;100.000000;1.486187
28.192678;100.000000;1.486187
28.192678;100.000000;1.486187
28.178484;100.000000;1.493344
28.178484;100.000000;1.493344
28.178484;100.000000;1.493344
28.177696;100.000000;1.493987
28.166580;100.000000;1.500600
28.166580;100.000000;1.500600
28.164492;100.000000;1.501581
28.165884;100.000000;1.501500
28.202705;100.000000;1.488000
28.202705;100.000000;1.488000
28.202156;100.000000;1.488319
28.202156;100.000000;1.488319
28.188871;100.000000;1.494787
28.188871;100.000000;1.494787
28.187298;100.000000;1.495550
28.187298;100.000000;1.495550
28.184652;100.000000;1.499369
28.192356;100.000000;1.497244
28.194511;100.000000;1.496600
28.202219;100.000000;1.494431
28.208134;100.000000;1.489669
28.208134;100.000000;1.489669
28.208166;100.000000;1.489875
28.208166;100.000000;1.489875
28.192217;100.000000;1.497006
28.192217;100.000000;1.497006
28.191093;100.000000;1.497444
28.191093;100.000000;1.497444
28.230560;100.000000;1.485862
28.230560;100.000000;1.485862
28.228867;100.000000;1.485206
28.227804;100.000000;1.485031
28.211031;100.000000;1.491075
28.210394;100.000000;1.491400
28.210394;100.000000;1.491400
28.210394;100.000000;1.491400
28.194685;100.000000;1.498438
28.193550;100.000000;1.498875
28.193550;100.000000;1.498875
28.193035;100.000000;1.499200
28.217234;100.000000;1.483644
28.217234;100.000000;1.483644
28.217234;100.000000;1.483644
28.217234;100.000000;1.483644
28.185841;100.000000;1.491044
28.185083;100.000000;1.491475
28.185083;100.000000;1.491475
28.182491;100.000000;1.492138
28.159462;100.000000;1.501012
28.157928;100.000000;1.501569
28.156527;100.000000;1.501981
28.155602;100.000000;1.502156
28.175529;100.000000;1.485844
28.174284;100.000000;1.486387
28.174284;100.000000;1.486387
28.172628;100.000000;1.486944
28.149597;100.000000;1.495963
28.148737;100.000000;1.496406
28.148737;100.000000;1.496406
28.147800;100.000000;1.496938
28.174522;100.000000;1.487581
28.174522;100.000000;1.487581
28.175900;100.000000;1.483481
28.175900;100.000000;1.483481
28.152369;100.000000;1.488175
28.152138;100.000000;1.488287
28.152138;100.000000;1.488287
28.149801;100.000000;1.489069
28.130791;100.000000;1.497838
28.130810;100.000000;1.498144
28.130810;100.000000;1.498144
28.130087;100.000000;1.498587
28.164856;100.000000;1.480606
28.163982;100.000000;1.480556
28.163918;100.000000;1.480056
28.163918;100.000000;1.480056
28.154835;100.000000;1.485363
28.154835;100.000000;1.485363
28.154835;100.000000;1.485363
28.153427;100.000000;1.486250
28.133381;100.000000;1.495137
28.131289;100.000000;1.495906
28.131289;100.000000;1.495906
28.130522;100.000000;1.496356
28.143015;100.000000;1.492425
28.154884;100.000000;1.488325
28.154884;100.000000;1.488325
28.154884;100.000000;1.488325
28.153828;100.000000;1.483500
28.153828;100.000000;1.483500
28.151915;100.000000;1.484481
28.151915;100.000000;1.484481
28.143551;100.000000;1.491475
28.143551;100.000000;1.491475
28.143412;100.000000;1.491794
28.143412;100.000000;1.491794
28.136978;100.000000;1.498263
28.136978;100.000000;1.498263
28.136124;100.000000;1.499025
28.136124;100.000000;1.499025
28.169790;100.000000;1.487831
28.169790;100.000000;1.487831
28.169008;100.000000;1.488169
28.169008;100.000000;1.488169
28.146246;100.000000;1.497575
28.146246;100.000000;1.497575
28.144226;100.000000;1.498237
28.144226;100.000000;1.498237
28.190485;100.000000;1.482781
28.190485;100.000000;1.482781
28.187992;100.000000;1.482269
28.187992;100.000000;1.482269
28.162104;100.000000;1.491600
28.160717;100.000000;1.491600
28.160542;100.000000;1.492156
28.160542;100.000000;1.492156
28.138411;100.000000;1.501581
28.136852;100.000000;1.502125
28.135403;100.000000;1.502275
28.135332;100.000000;1.502169
28.169411;100.000000;1.482575
28.168440;100.000000;1.483013
28.168440;100.000000;1.483013
28.168095;100.000000;1.483338
28.157330;100.000000;1.490144
28.157711;100.000000;1.490350
28.157711;100.000000;1.490350
28.156828;100.000000;1.490788
28.148014;100.000000;1.497481
28.147200;100.000000;1.497919
28.147200;100.000000;1.497919
28.147648;100.000000;1.498125
28.185431;100.000000;1.486887
28.185431;100.000000;1.486887
28.185431;100.000000;1.486887
28.185431;100.000000;1.486887
28.158800;100.000000;1.495944
28.157776;100.000000;1.496475
28.157776;100.000000;1.496475
28.156250;100.000000;1.497031
28.182865;100.000000;1.486912
28.187086;100.000000;1.483844
28.186611;100.000000;1.482669
28.185699;100.000000;1.482469
28.173603;100.000000;1.484206
28.173874;100.000000;1.484413
28.173874;100.000000;1.484413
28.173874;100.000000;1.484413
28.161427;100.000000;1.491875
28.161217;100.000000;1.491981
28.161217;100.000000;1.491981
28.161570;100.000000;1.492188
28.152443;100.000000;1.498775
28.151409;100.000000;1.499319
28.151409;100.000000;1.499319
28.151409;100.000000;1.499319
28.192720;100.000000;1.485944
28.192720;100.000000;1.485944
28.192720;100.000000;1.485944
28.192720;100.000000;1.485944
28.178144;100.000000;1.493188
28.178144;100.000000;1.493188
28.178144;100.000000;1.493188
28.175831;100.000000;1.494175
28.165003;100.000000;1.500756
28.165329;100.000000;1.500962
28.165329;100.000000;1.500962
28.165329;100.000000;1.500962
28.191597;100.000000;1.490419
28.190512;100.000000;1.490850
28.190512;100.000000;1.490850
28.187906;100.000000;1.491619
28.164507;100.000000;1.500375
28.162937;100.000000;1.500931
28.162058;100.000000;1.501362
28.162058;100.000000;1.501362
28.193363;100.000000;1.480587
28.193363;100.000000;1.480587
28.192877;100.000000;1.480906
28.192877;100.000000;1.480906
28.180506;100.000000;1.487400
28.180506;100.000000;1.487400
28.179020;100.000000;1.488163
28.179020;100.000000;1.488163
28.163906;100.000000;1.495869
28.163906;100.000000;1.495869
28.163158;100.000000;1.496206
28.163158;100.000000;1.496206
28.171467;100.000000;1.491450
28.183182;100.000000;1.488312
28.186613;100.000000;1.487188
28.190453;100.000000;1.487188
28.177765;100.000000;1.484069
28.177765;100.000000;1.484069
28.176733;100.000000;1.484506
28.176733;100.000000;1.484506
28.154934;100.000000;1.493500
28.154934;100.000000;1.493500
28.153425;100.000000;1.494056
28.153425;100.000000;1.494056
28.132219;100.000000;1.502006
28.135834;100.000000;1.500681
28.139467;100.000000;1.499219
28.142778;100.000000;1.498037
28.155495;100.000000;1.485813
28.154585;100.000000;1.486256
28.154585;100.000000;1.486256
28.153172;100.000000;1.486794
28.134682;100.000000;1.495006
28.134682;100.000000;1.495006
28.134682;100.000000;1.495006
28.134682;100.000000;1.495006
28.134682;100.000000;1.495006
28.134682;100.000000;1.495006
28.134682;100.000000;1.495006
28.134682;100.000000;1.495006
28.134682;100.000000;1.495006
28.134682;100.000000;1.495006
28.134682;100.000000;1.495006
28.134682;100.000000;1.495006
28.134682;100.000000;1.495006
28.134682;100.000000;1.495006
28.134682;100.000000;1.495006
28.134682;100.000000;1.495006
28.134682;100.000000;1.495006
28.134682;100.000000;1.495006
28.134682;100.000000;1.495006
28.134682;100.000000;1.495006
28.134682;100.000000;1.495006
28.134682;100.000000;1.495006
28.134682;100.000000;1.495006
28.134682;100.000000;1.495006
28.134682;100.000000;1.495006
28.134682;100.000000;1.495006
28.134682;100.000000;1.495006
28.134682;100.000000;1.495006
28.134682;100.000000;1.495006
28.134682;100.000000;1.495006
28.134682;100.000000;1.495006
28.134682;100.000000;1.495006
28.134682;100.000000;1.495006
28.134682;100.000000;1.495006
28.134682;100.000000;1.495006
28.134682;100.000000;1.495006
28.134682;100.000000;1.495006
28.134682;100.000000;1.495006
28.134682;100.000000;1.495006
28.134682;100.000000;1.495006
28.134682;100.000000;1.495006
28.134682;100.000000;1.495006
28.134682;100.000000;1.495006
28.134682;100.000000;1.495006
28.134682;100.000000;1.495006
28.134682;100.000000;1.495006
28.134682;100.000000;1.495006
28.134682;100.000000;1.495006
28.134682;100.000000;1.495006
28.134682;100.000000;1.495006
28.134682;100.000000;1.495006
28.134682;100.000000;1.495006
28.134682;100.000000;1.495006
28.134682;100.000000;1.495006
28.134682;100.000000;1.495006
28.134682;100.000000;1.495006
28.134682;100.000000;1.495006
28.134682;100.000000;1.495006
28.134682;100.000000;1.495006
28.134682;100.000000;1.495006
28.134682;100.000000;1.495006
28.134682;100.000000;1.495006
28.134682;100.000000;1.495006
28.134682;100.000000;1.495006
28.134682;100.000000;1.495006
28.134682;100.000000;1.495006
28.134682;100.000000;1.495006
28.134682;100.000000;1.495006
28.134682;100.000000;1.495006
28.134682;100.000000;1.495006
28.134682;100.000000;1.495006
28.134682;100.000000;1.495006
28.134682;100.000000;1.495006
28.134682;100.000000;1.495006
28.134682;100.000000;1.495006
28.134682;100.000000;1.495006
28.134682;100.000000;1.495006
28.134682;100.000000;1.495006
28.134682;100.000000;1.495006
28.134682;100.000000;1.495006
28.134682;100.000000;1.495006
28.134682;100.000000;1.495006
28.134682;100.000000;1.495006
28.134682;100.000000;1.495006
28.134682;100.000000;1.495006
28.134682;100.000000;1.495006
28.134682;100.000000;1.495006
28.134682;100.000000;1.495006
28.134682;100.000000;1.495006
28.134682;100.000000;1.495006
28.134682;100.000000;1.495006
28.134682;100.000000;1.495006
28.134682;100.000000;1.495006
28.134682;100.000000;1.495006
28.134682;100.000000;1.495006
28.134682;100.000000;1.495006
28.134682;100.000000;1.495006
28.134682;100.000000;1.495006
28.134682;100.000000;1.495006
28.134682;100.000000;1.495006
28.134682;100.000000;1.495006
28.134682;100.000000;1.495006
28.134682;100.000000;1.495006
28.134682;100.000000;1.495006
28.134682;100.000000;1.495006
28.134682;100.000000;1.495006
28.134682;100.000000;1.495006
28.134682;100.000000;1.495006
28.134682;100.000000;1.495006
28.134682;100.000000;1.495006
28.134682;100.000000;1.495006
28.134682;100.000000;1.495006
28.134682;100.000000;1.495006
28.134682;100.000000;1.495006
28.134682;100.000000;1.495006
28.134682;100.000000;1.495006
28.134682;100.000000;1.495006
28.134682;100.000000;1.495006
28.134682;100.000000;1.495006
28.134682;100.000000;1.495006
28.134682;100.000000;1.495006
28.134682;100.000000;1.495006
28.134682;100.000000;1.495006
28.134682;100.000000;1.495006
28.134682;100.000000;1.495006
28.134682;100.000000;1.495006
28.134682;100.000000;1.495006
28.134682;100.000000;1.495006
28.134682;100.000000;1.495006
28.134682;100.000000;1.495006
28.134682;100.000000;1.495006
28.134682;100.000000;1.495006
28.134682;100.000000;1.495006
28.134682;100.000000;1.495006
28.134682;100.000000;1.495006
28.134682;100.000000;1.495006
28.134682;100.000000;1.495006
28.134682;100.000000;1.495006
28.134682;100.000000;1.495006
28.134682;100.000000;1.495006
28.134682;100.000000;1.495006
28.134682;100.000000;1.495006
28.134682;100.000000;1.495006
28.134682;100.000000;1.495006
28.134682;100.000000;1.495006
28.134682;100.000000;1.495006
28.134682;100.000000;1.495006
28.134682;100.000000;1.495006
28.134682;100.000000;1.495006
28.134682;100.000000;1.495006
28.134682;100.000000;1.495006
28.134682;100.000000;1.495006
28.134682;100.000000;1.495006
28.134682;100.000000;1.495006
28.134682;100.000000;1.495006
28.134682;100.000000;1.495006
28.134682;100.000000;1.495006
28.134682;100.000000;1.495006
28.134682;100.000000;1.495006
28.134682;100.000000;1.495006
28.134682;100.000000;1.495006
28.134682;100.000000;1.495006
28.134682;100.000000;1.495006
28.134682;100.000000;1.495006
28.134682;100.000000;1.495006
28.134682;100.000000;1.495006
28.134682;100.000000;1.495006
28.134682;100.000000;1.495006
28.134682;100.000000;1.495006
28.134682;100.000000;1.495006
28.134682;100.000000;1.495006
28.134682;100.000000;1.495006
28.134682;100.000000;1.495006
28.134682;100.000000;1.495006
28.134682;100.000000;1.495006
28.134682;100.000000;1.495006
28.134682;100.000000;1.495006
28.134682;100.000000;1.495006
28.134682;100.000000;1.495006
28.134682;100.000000;1.495006
28.134682;100.000000;1.495006
28.134682;100.000000;1.495006
28.134682;100.000000;1.495006
28.134682;100.000000;1.495006
28.134682;100.000000;1.495006
28.134682;100.000000;1.495006
28.134682;100.000000;1.495006
28.134682;100.000000;1.495006
28.134682;100.000000;1.495006
28.134682;100.000000;1.495006
28.134682;100.000000;1.495006
28.134682;100.000000;1.495006
28.134682;100.000000;1.495006
28.134682;100.000000;1.495006
28.134682;100.000000;1.495006
28.134682;100.000000;1.495006
28.134682;100.000000;1.495006
28.134682;100.000000;1.495006
28.134682;100.000000;1.495006
28.134682;100.000000;1.495006
28.134682;100.000000;1.495006
28.134682;100.000000;1.495006
28.134682;100.000000;1.495006
28.134682;100.000000;1.495006
28.134682;100.000000;1.495006
28.134682;100.000000;1.495006
28.134682;100.000000;1.495006
28.134682;100.000000;1.495006
28.134682;100.000000;1.495006
28.134682;100.000000;1.495006
28.134682;100.000000;1.495006
28.134682;100.000000;1.495006
28.134682;100.000000;1.495006
28.134682;100.000000;1.495006
28.134682;100.000000;1.495006
28.134682;100.000000;1.495006
28.134682;100.000000;1.495006
28.134682;100.000000;1.495006
28.134682;100.000000;1.495006
28.134682;100.000000;1.495006
28.134682;100.000000;1.495006
28.134682;100.000000;1.495006
28.134682;100.000000;1.495006
28.134682;100.000000;1.495006
28.134682;100.000000;1.495006
28.134682;100.000000;1.495006
28.134682;100.000000;1.495006
28.134682;100.000000;1.495006
28.134682;100.000000;1.495006
28.134682;100.000000;1.495006
28.134682;100.000000;1.495006
28.134682;100.000000;1.495006
28.134682;100.000000;1.495006
28.134682;100.000000;1.495006
28.134682;100.000000;1.495006
28.134682;100.000000;1.495006
28.134682;100.000000;1.495006
28.134682;100.000000;1.495006
28.134682;100.000000;1.495006
28.134682;100.000000;1.495006
28.134682;100.000000;1.495006
28.134682;100.000000;1.495006
28.134682;100.000000;1.495006
28.134682;100.000000;1.495006
28.134682;100.000000;1.495006
28.134682;100.000000;1.495006
28.134682;100.000000;1.495006
28.134682;100.000000;1.495006
28.134682;100.000000;1.495006
28.134682;100.000000;1.495006
28.134682;100.000000;1.495006
28.134682;100.000000;1.495006
28.134682;100.000000;1.495006
28.134682;100.000000;1.495006
28.134682;100.000000;1.495006
28.134682;100.000000;1.495006
28.134682;100.000000;1.495006
28.134682;100.000000;1.495006
28.134682;100.000000;1.495006
28.134682;100.000000;1.495006
28.134682;100.000000;1.495006
28.134682;100.000000;1.495006
28.134682;100.000000;1.495006
28.134682;100.000000;1.495006
28.134682;100.000000;1.495006
28.134682;100.000000;1.495006
28.134682;100.000000;1.495006
28.134682;100.000000;1.495006
28.134682;100.000000;1.495006
28.134682;100.000000;1.495006
28.134682;100.000000;1.495006
28.134682;100.000000;1.495006
28.134682;100.000000;1.495006
28.134682;100.000000;1.495006
28.134682;100.000000;1.495006
28.134682;100.000000;1.495006
28.134682;100.000000;1.495006
28.134682;100.000000;1.495006
28.134682;100.000000;1.495006
28.134682;100.000000;1.495006
28.134682;100.000000;1.495006
28.134682;100.000000;1.495006
28.134682;100.000000;1.495006
28.134682;100.000000;1.495006
28.134682;100.000000;1.495006
28.134682;100.000000;1.495006
28.134682;100.000000;1.495006
28.134682;100.000000;1.495006
28.134682;100.000000;1.495006
28.134682;100.000000;1.495006
28.134682;100.000000;1.495006
28.134682;100.000000;1.495006
28.134682;100.000000;1.495006
28.134682;100.000000;1.495006
28.134682;100.000000;1.495006
28.134682;100.000000;1.495006
28.134682;100.000000;1.495006
28.134682;100.000000;1.495006
28.134682;100.000000;1.495006
28.134682;100.000000;1.495006
28.134682;100.000000;1.495006
28.134682;100.000000;1.495006
28.134682;100.000000;1.495006
28.134682;100.000000;1.495006
28.134682;100.000000;1.495006
28.134682;100.000000;1.495006
28.134682;100.000000;1.495006
28.134682;100.000000;1.495006
28.134682;100.000000;1.495006
28.134682;100.000000;1.495006
28.134682;100.000000;1.495006
28.134682;100.000000;1.495006
28.134682;100.000000;1.495006
28.134682;100.000000;1.495006
28.134682;100.000000;1.495006
28.134682;100.000000;1.495006
28.134682;100.000000;1.495006
28.134682;100.000000;1.495006
28.134682;100.000000;1.495006
28.134682;100.000000;1.495006
28.134682;100.000000;1.495006
28.134682;100.000000;1.495006
28.134682;100.000000;1.495006
28.134682;100.000000;1.495006
28.134682;100.000000;1.495006
28.134682;100.000000;1.495006
28.134682;100.000000;1.495006
28.134682;100.000000;1.495006
28.134682;100.000000;1.495006
28.134682;100.000000;1.495006
28.134682;100.000000;1.495006
28.134682;100.000000;1.495006
28.134682;100.000000;1.495006
28.134682;100.000000;1.495006
28.134682;100.000000;1.495006
28.134682;100.000000;1.495006
28.134682;100.000000;1.495006
28.134682;100.000000;1.495006
28.134682;100.000000;1.495006
28.134682;100.000000;1.495006
28.134682;100.000000;1.495006
28.134682;100.000000;1.495006
28.134682;100.000000;1.495006
28.134682;100.000000;1.495006
28.134682;100.000000;1.495006
28.134682;100.000000;1.495006
28.134682;100.000000;1.495006
28.134682;100.000000;1.495006
28.134682;100.000000;1.495006
28.134682;100.000000;1.495006
28.134682;100.000000;1.495006
28.134682;100.000000;1.495006
28.134682;100.000000;1.495006
28.134682;100.000000;1.495006
28.134682;100.000000;1.495006
28.134682;100.000000;1.495006
28.134682;100.000000;1.495006
28.134682;100.000000;1.495006
28.134682;100.000000;1.495006
28.134682;100.000000;1.495006
28.134682;100.000000;1.495006
28.134682;100.000000;1.495006
28.134682;100.000000;1.495006
28.134682;100.000000;1.495006
28.134682;100.000000;1.495006
28.134682;100.000000;1.495006
28.134682;100.000000;1.495006
28.134682;100.000000;1.495006
28.134682;100.000000;1.495006
28.134682;100.000000;1.495006
28.134682;100.000000;1.495006
28.134682;100.000000;1.495006
28.134682;100.000000;1.495006
28.134682;100.000000;1.495006
28.134682;100.000000;1.495006
28.134682;100.000000;1.495006
28.134682;100.000000;1.495006
28.134682;100.000000;1.495006
28.134682;100.000000;1.495006
28.134682;100.000000;1.495006
28.134682;100.000000;1.495006
28.134682;100.000000;1.495006
28.134682;100.000000;1.495006
28.134682;100.000000;1.495006
28.134682;100.000000;1.495006
28.134682;100.000000;1.495006
28.134682;100.000000;1.495006
28.134682;100.000000;1.495006
28.134682;100.000000;1.495006
28.134682;100.000000;1.495006
28.134682;100.000000;1.495006
28.134682;100.000000;1.495006
28.134682;100.000000;1.495006
28.134682;100.000000;1.495006
28.134682;100.000000;1.495006
28.134682;100.000000;1.495006
28.134682;100.000000;1.495006
28.134682;100.000000;1.495006
28.134682;100.000000;1.495006
28.134682;100.000000;1.495006
28.134682;100.000000;1.495006
28.134682;100.000000;1.495006
28.134682;100.000000;1.495006
28.134682;100.000000;1.495006
28.134682;100.000000;1.495006
28.134682;100.000000;1.495006
28.134682;100.000000;1.495006
28.134682;100.000000;1.495006
28.134682;100.000000;1.495006
28.134682;100.000000;1.495006
28.134682;100.000000;1.495006
28.134682;100.000000;1.495006
28.134682;100.000000;1.495006
28.134682;100.000000;1.495006
28.134682;100.000000;1.495006
28.134682;100.000000;1.495006
28.134682;100.000000;1.495006
28.134682;100.000000;1.495006
28.134682;100.000000;1.495006
28.134682;100.000000;1.495006
28.134682;100.000000;1.495006
28.134682;100.000000;1.495006
28.134682;100.000000;1.495006
28.134682;100.000000;1.495006
28.134682;100.000000;1.495006
28.134682;100.000000;1.495006
28.134682;100.000000;1.495006
28.134682;100.000000;1.495006
28.134682;100.000000;1.495006
28.134682;100.000000;1.495006
28.134682;100.000000;1.495006
28.134682;100.000000;1.495006
28.134682;100.000000;1.495006
28.134682;100.000000;1.495006
28.134682;100.000000;1.495006
28.134682;100.000000;1.495006
28.134682;100.000000;1.495006
28.134682;100.000000;1.495006
28.134682;100.000000;1.495006
28.134682;100.000000;1.495006
28.134682;100.000000;1.495006
28.134682;100.000000;1.495006
28.134682;100.000000;1.495006
28.134682;100.000000;1.495006
28.134682;100.000000;1.495006
28.134682;100.000000;1.495006
28.134682;100.000000;1.495006
28.134682;100.000000;1.495006
28.134682;100.000000;1.495006
28.134682;100.000000;1.495006
28.134682;100.000000;1.495006
28.134682;100.000000;1.495006
28.134682;100.000000;1.495006
28.134682;100.000000;1.495006
28.134682;100.000000;1.495006
28.134682;100.000000;1.495006
28.134682;100.000000;1.495006
28.134682;100.000000;1.495006
28.134682;100.000000;1.495006
28.134682;100.000000;1.495006
28.134682;100.000000;1.495006
28.134682;100.000000;1.495006
28.134682;100.000000;1.495006
28.134682;100.000000;1.495006
28.134682;100.000000;1.495006
28.134682;100.000000;1.495006
28.134682;100.000000;1.495006
28.134682;100.000000;1.495006
28.134682;100.000000;1.495006
28.134682;100.000000;1.495006
28.134682;100.000000;1.495006
28.134682;100.000000;1.495006
28.134682;100.000000;1.495006
28.134682;100.000000;1.495006
28.134682;100.000000;1.495006
28.134682;100.000000;1.495006
